{
  "width": 1025,
  "height": 482,
  "cx": [
    [ "REGIME_ALIMENT_EMPLOYE", 275 ],
    [ "TRAITEMENT_MEDIC_ANIMAL", 788 ],
    [ "A", 275 ],
    [ "ESPECE_PROPRE", 481 ],
    [ "APARTIEN", 658 ],
    [ "PRESCRITS", 788 ],
    [ "EMPLOYE", 275 ],
    [ "RESPONSABILITE_SUR_ANIMAL", 481 ],
    [ "ANIMAUX", 658 ],
    [ "ONT", 788 ],
    [ "REGIME_ALIMENT_ANIMAL", 928 ],
    [ "TRAITEMENT_MEDIC_EMPLOYE", 110 ],
    [ "PRESCRIT", 275 ],
    [ "OCCUPE", 658 ],
    [ "ENCLOS", 788 ]
  ],
  "cy": [
    [ "REGIME_ALIMENT_EMPLOYE", 60 ],
    [ "TRAITEMENT_MEDIC_ANIMAL", 60 ],
    [ "A", 161 ],
    [ "ESPECE_PROPRE", 161 ],
    [ "APARTIEN", 161 ],
    [ "PRESCRITS", 161 ],
    [ "EMPLOYE", 279 ],
    [ "RESPONSABILITE_SUR_ANIMAL", 279 ],
    [ "ANIMAUX", 279 ],
    [ "ONT", 279 ],
    [ "REGIME_ALIMENT_ANIMAL", 279 ],
    [ "TRAITEMENT_MEDIC_EMPLOYE", 414 ],
    [ "PRESCRIT", 414 ],
    [ "OCCUPE", 414 ],
    [ "ENCLOS", 414 ]
  ],
  "shift": [
    [ "A,REGIME_ALIMENT_EMPLOYE,0", 0 ],
    [ "A,EMPLOYE,0", 0 ],
    [ "APARTIEN,ESPECE_PROPRE,0", 0 ],
    [ "APARTIEN,ANIMAUX,0", 0 ],
    [ "PRESCRITS,TRAITEMENT_MEDIC_ANIMAL,0", 0 ],
    [ "PRESCRITS,ANIMAUX,0", 0 ],
    [ "RESPONSABILITE_SUR_ANIMAL,EMPLOYE,0", 0 ],
    [ "RESPONSABILITE_SUR_ANIMAL,ANIMAUX,0", 0 ],
    [ "ONT,REGIME_ALIMENT_ANIMAL,0", 0 ],
    [ "ONT,ANIMAUX,0", 0 ],
    [ "PRESCRIT,TRAITEMENT_MEDIC_EMPLOYE,0", 0 ],
    [ "PRESCRIT,EMPLOYE,0", 0 ],
    [ "OCCUPE,ENCLOS,0", 0 ],
    [ "OCCUPE,ANIMAUX,0", 0 ]
  ],
  "ratio": []
}
